r2,rmse,mae,mse,mape
0.29676851623203804,0.015771694361061853,0.010826550860973923,0.0002487463430187502,0.05905928025876651
-0.23013424010582795,0.012015109705514969,0.010199064835906031,0.00014436286123555998,0.054230083213599116
-0.1817673622363738,0.018698846821751436,0.014203564428131686,0.00034964687246332376,0.07447640113805493
0.15546766078927154,0.01619978980435092,0.013855879824947225,0.00026243318970515194,0.07303343803897099
-0.19970830968050857,0.01825218184744699,0.014954412899572743,0.00033314214219227345,0.07809729691134454
