r2,rmse,mae,mse
0.9177505035469985,6.07033359718255,2.7087500015427084,36.848949981083244
0.9960272758484069,1.1986107143248785,0.9369948439738324,1.4366676444943958
0.9867907152926854,2.180074294585277,1.4534471141590792,4.752723929911492
0.9798955322780558,2.8373115276581693,1.850868627604316,8.050336704981936
0.997734997411878,0.9699783172720775,0.7572040894452252,0.940857935977971
