r2,rmse,mae,mse
0.9662019382881998,22.718363718484092,14.538183180762896,516.1240500453343
0.9682928331613754,21.750477917999312,14.231871776358869,473.0832896613757
0.9684025950596878,22.120677325682376,14.356530116099432,489.3243653469584
0.9686530815409246,21.921499086355983,14.178409216476243,480.5521221931062
0.9684923439740063,21.72053507308721,14.13684237847879,471.7816438612116
