r2,rmse,mae,mse
0.7965527550205095,1.7139065223719518,1.1439588816214101,2.937475567429118
0.7447774210068119,1.6423861471443464,1.1488619141818315,2.6974322563316506
0.8297304375788146,1.8178532031666392,1.1586526558326724,3.3045902682632105
0.7646183164059922,1.3681037856871463,0.9133072801087159,1.8717079684115012
0.6604902018074822,2.1987510280321207,1.342773159207524,4.8345060832723075
