r2,rmse,mae,mse
0.9752037818833462,0.2004524921385199,0.15223964980354734,0.04018120160454338
