r2,rmse,mae,mse
0.9321910697332868,0.0704464580714577,0.053296249372397776,0.004962703454813647
