r2,rmse,mae,mse
0.35575153780576363,364.554807163445,302.0338707683931,132900.20742597655
0.46602235227594946,422.053135105264,319.5589759798965,178128.84885218224
0.4739044219551888,413.4178497771243,310.5709144400411,170914.31851434088
0.5161875632849608,469.64240103712024,356.65260419542483,220563.98485191126
-0.27262955838035796,589.9338704881142,438.9284176156021,348021.97154908703
