r2,rmse,mae,mse
0.7217931331578568,2.384786037993698,1.7370234444027854,5.687204447009679
0.7672703725452067,2.8005298312932276,2.0858612877982003,7.842967335963273
0.8072225563472722,2.470014843258842,1.952871813287506,6.100973325919002
0.7717901250673451,3.111163470296386,2.265618532872058,9.679338138906653
0.8906832106246014,2.418854617966911,2.0848030170491647,5.85085766285985
