r2,rmse,mae,mse
0.9645068859040337,28.106877206633968,19.502684880623555,789.9965463088
0.9341441645890208,39.002571637055446,23.563589624451733,1521.2005943036418
0.9724932558727687,24.563127001598232,17.999770233229054,603.3472080966442
0.9539351799179144,32.23282022762628,21.843177072384655,1038.9546998264736
0.9725746041205232,24.288763711725565,17.16089651813823,589.9440426440366
