r2,rmse,mae,mse
0.8955599625117175,1.5692961593293848,1.2865053378897053,2.4626904356859582
0.9055921398700342,1.2843953018562206,0.8952009707795721,1.6496712914303322
0.8655599687172264,1.5482390872775422,1.1395992918525424,2.397044271373997
0.9217420564960777,1.3933420328982784,1.014262510953205,1.9414020206411073
0.8469513309243658,1.6327502328502141,1.1954526471453053,2.6658733228724283
