r2,rmse,mae,mse,mape
0.9412420794396069,3.8226623053896454,2.799605310447777,14.612747101046878,0.09051401624611893
0.9604586806372276,3.0661563590140566,2.1483274867718674,9.401314817922335,0.07335245513272817
0.9152376559476095,4.637540575959756,3.1409045340525177,21.506782593673147,0.09867427766150003
0.934358608785692,4.015879202037655,2.7528722843916373,16.12728576535859,0.08671918157543493
0.9302353673613416,4.465836477060743,2.6349951350879106,19.943695439846312,0.0960255471704308
