r2,rmse,mae,mse,mape
0.9751920085982804,0.20050007407735349,0.1707846847110391,0.04020027970502423,0.018867993987343908
