r2,rmse,mae,mse
0.8669421011030828,2.2609051818796995,1.6150740280037834,5.111692241450477
0.9123818637373282,1.8327111955236057,1.5561250248125622,3.358830326197564
0.9418254622244696,1.6706367058988656,1.3374330929347444,2.7910270030966124
0.8873413976242723,2.3899685200213616,1.9082577559210006,5.711949526693099
0.9311149793005673,1.7907730014656011,1.5875322813079469,3.2068679427781177
