r2,rmse,mae,mse,mape
-1.1635929380646832,0.01862498610537057,0.015050556686917889,0.0003468901074252468,0.07907001830005667
-0.46657645245371193,0.01987780695912046,0.014476918845562193,0.0003951272095040579,0.08077279303368301
-0.7039517475582928,0.023132776361872113,0.01904318631198474,0.0005351253422083892,0.10604249407579801
-0.43701327022224357,0.02003530943718862,0.017447220391429357,0.0004014136242438994,0.08786200681759412
-0.7747370812033576,0.018044747685426323,0.015006942575003141,0.00032561291903069863,0.074688411172234
