r2,rmse,mae,mse,mape
0.20243272112536315,457313.40146522905,393825.4570582438,209135547159.69778,0.0920597822346869
0.3225483869829373,246787.2923673989,201546.53779731307,60903967674.03203,0.04906546811446288
-0.05734687688797746,674144.8747119409,610060.4762206565,454471312100.37854,0.1486476128818458
-0.34015533115012553,494057.8528827083,419807.4925394598,244093161995.07187,0.10665112432345776
0.5669096100524103,331273.6958400922,272412.2045112503,109742261555.55391,0.06325234736785607
