r2,rmse,mae,mse
0.5673541824347105,1.6535487365947485,1.0521953458371374,2.7342234242940893
0.6865820047031093,1.758592512507577,1.1309151483618696,3.092647625047712
0.3485948046585965,1.6649120954248329,1.2906983430389996,2.771932285491908
0.6333213792448916,1.3767916257483461,1.00819747049925,1.8955551807307742
0.7995781608438207,1.2470088193452384,0.868535149615744,1.5550309955248056
