r2,rmse,mae,mse
0.4106870800783987,50.04706231169535,39.853996442379575,2504.708446030717
0.5433089911305007,53.994973369922974,43.23763054225463,2915.457149218691
0.32223568559241844,56.83716498180619,45.056185191905925,3230.4633231690555
0.19329199349703197,62.19757555741588,49.71144523689644,3868.538405220457
0.38936045736087466,55.914628138480175,44.3433153571928,3126.445639864519
