r2,rmse,mae,mse
0.14787305491225788,3.0617798405322765e-07,2.2864850729482796e-07,9.374495791889854e-14
-0.7322676033409738,4.574669946752438e-07,3.246108447142972e-07,2.0927605121719954e-13
0.1236055104492082,3.895277774491228e-07,2.9278748143473393e-07,1.5173188940445336e-13
-0.45800215122958576,5.304277488086057e-07,3.481267367315099e-07,2.813535967061653e-13
-0.009435633257412368,5.735712387794718e-07,3.8971641137656525e-07,3.2898396595501785e-13
