r2,rmse,mae,mse,mape
0.9566634154290263,32.56959968420664,21.778183484625337,1060.7788235894736,0.08611576855893643
0.9623894145851098,29.088044426106848,20.660764037238227,846.1143285351657,0.09327760125192835
0.9695545159915292,25.438415761974813,19.164567019144695,647.1129964790886,0.07551913581651624
0.9551916085213518,32.35636989505002,20.758001179165312,1046.9346727852992,0.07380664034149896
0.952905705754901,28.804684265135034,19.442177663837246,829.7098356141179,0.08603231319476555
