r2,rmse,mae,mse
0.9245383113146158,42.423145798362185,27.202350284521682,1799.723299429095
0.9326896526650588,37.50568014250905,24.490319818701167,1406.6760429521978
0.9306316771154566,35.18398013129651,24.154278204124978,1237.9124578794676
0.9218333232983733,41.644670337041255,25.645394935095034,1734.2785674808438
0.926210569354679,39.731359588739735,26.48493617387243,1578.5809347697407
