r2,rmse,mae,mse,mape
0.8373139117495285,3.658755951714898,2.683898446311489,13.38649511420919,0.07615334377395441
0.8241308147782949,3.8215528480044108,2.7258958178555908,14.604266170090622,0.07716225296520678
0.8330069689822654,3.7494263372601715,2.7266612639379235,14.058197858540225,0.07737401183257643
0.8261632650127273,3.825200077174719,2.729201163234229,14.632155630417477,0.07711317373561967
0.8384847916023151,3.6481890816197833,2.6727746561805636,13.309283575249799,0.07569793282138891
