r2,rmse,mae,mse,mape
0.8143609959414322,1.8080461168366795,1.3978833285193972,3.269030760608196,0.12265658300614277
0.9171865775578846,1.525283612766986,1.1957478196999407,2.326490099375509,0.09281573035648413
0.9138671504881987,1.4185844132568282,1.0725469452763117,2.0123817375352195,0.10671283937060906
0.8204918093684752,2.1042959407896795,1.4849577111098184,4.4280614064239225,0.10606279647794876
0.8413628779118383,1.4264868277168516,1.122672670016761,2.0348646696496866,0.09480915915327078
