r2,rmse,mae,mse
0.2588507044506213,2.905134441489818e-07,2.2105280812505984e-07,8.439806123130356e-14
0.06389844594611205,4.035910356529585e-07,2.820777386366008e-07,1.6288572405942764e-13
0.10788898659333901,3.4583933338028507e-07,2.6483383493456915e-07,1.1960484451291996e-13
0.24588923259700946,4.398822479626257e-07,2.960068648647692e-07,1.9349639207265293e-13
0.30736105197288166,3.056164104340706e-07,2.3816411885179731e-07,9.34013903266063e-14
