r2,rmse,mae,mse,mape
0.8030552377325821,111.61347893857574,78.60726559038147,12457.56868077189,0.05845521495448343
0.8884339818193805,111.68766605789097,77.20764875166594,12474.134749458968,0.051783367162917766
0.8547193121139505,133.0837156002523,90.5767092321234,17711.27535796884,0.06538798540230034
0.8363942184707222,119.66583899964785,84.7604214953604,14319.913023489638,0.05960736872792097
0.7177443810103111,134.88203665654365,99.13783277177966,18193.163812617182,0.07392471969111535
