r2,rmse,mae,mse,mape
0.963600328333395,28.39999877521188,20.614138788422185,806.5599304320364,0.08454848491466507
0.9637880115086823,29.37298730253369,21.57540024933509,862.7723830748055,0.08041986011227868
0.9475978076367898,35.5481496109024,23.519011019530417,1263.6709407591006,0.09034310193540082
0.9386152199379202,35.88901491458965,24.862923342470417,1288.0213915396382,0.10250921006070426
0.9462337820181588,35.81387749684497,25.152708585829814,1282.6338213590182,0.09965288723720964
