r2,rmse,mae,mse
0.7046502358952091,1.6132492025051768,1.3259492336661645,2.6025729893835887
0.7003601747828483,1.1678464473854535,0.904218092631455,1.363865324670825
0.7455541611477138,1.5789150667981728,1.0614101774456663,2.4929727881622785
0.5949293642866247,1.5097247801016558,1.045627078339861,2.2792689116529927
0.400703488552948,1.5483946239523956,1.030856692085851,2.3975259114846805
