r2,rmse,mae,mse,mape
-0.6835094093001104,5.715352614292314e-07,3.721136377565377e-07,3.2665255505697987e-13,0.04156112357210549
0.08435298156550042,3.9604109429171263e-07,3.210741000551488e-07,1.568485483677772e-13,0.035219206648736116
-0.026871391288430857,4.7644757783018023e-07,3.3131911472041523e-07,2.2700229442024566e-13,0.03303619196026772
-0.28185949674793886,5.419532005853879e-07,3.977633529709953e-07,2.937132716247457e-13,0.03965132619721474
-0.42964802158478754,5.342664292583654e-07,3.6005860354637503e-07,2.8544061743248394e-13,0.03555050912075403
