r2,rmse,mae,mse,mape
0.9690690211862962,21.546250840334825,14.095361393776527,464.24092527462915,0.032216016281979766
0.9676379858358657,22.123101520746154,14.19501106435609,489.43162089724086,0.03227919445434121
0.9686725826928817,21.94531164883055,14.135432397353231,481.59670336429787,0.032203486308082736
0.9676967488885309,21.9751306567508,14.247035670258672,482.90636738126875,0.03262730083315483
0.9699625055522884,21.521336646339986,14.152638300740714,463.16793104509645,0.03213011465131275
