r2,rmse,mae,mse
0.9770805933982599,3.921267133026285,2.3533220678760993,15.376335928552182
0.9767695713556287,4.149292650875256,2.519100154237033,17.216629502607407
0.9874472537001587,3.1998431610196083,2.4084592558583537,10.238996255123958
0.9775554364847806,3.6527655480780896,2.5016691536201376,13.342696149226226
0.976328776374955,4.345228615709695,2.8058157561623793,18.881011722782397
