r2,rmse,mae,mse
0.9540752152754151,0.2727987026785177,0.2064714103318482,0.0744191321830823
