r2,rmse,mae,mse
0.9456475533298649,29.02919109319548,19.361725746117944,842.6939355252597
0.9440799846625058,29.01924484370833,19.68979971899345,842.1165712990925
0.9433080482349065,29.599009784066673,20.470292523525714,876.1013801972747
0.943575160697062,29.709899572181417,19.932931074325747,882.6781325891056
0.8961673911159517,39.83495775944562,28.590496759860823,1586.823859696817
