r2,rmse,mae,mse,mape
0.3497521878382478,47.36940049389442,38.142747395035705,2243.8601031509647,0.08292073788074159
-0.06603876851848489,46.03875540697153,34.53362602161003,2119.5669994229506,0.06488164169987648
-0.9364294236229298,39.11157412411692,31.518617127155757,1529.7152304662923,0.06424107594862595
-0.3742125647705763,49.352072830739814,36.8677544156858,2435.627092690647,0.07729052805104955
0.03489958326103915,41.58274826491312,29.398422036354635,1729.124953263135,0.06598647879488548
