r2,rmse,mae,mse
0.8799522527435071,1.322152024130384,0.9683834900020584,1.7480859749120712
0.8824999176055319,1.1406600937013183,0.8546178159569617,1.3011054493627003
0.8979219082507826,1.2634485908573185,1.100998240198408,1.5963023417393438
0.9346925936394245,1.229907477802286,0.9471605125864284,1.512672403953981
0.8787990297220918,1.3431884713603177,1.1149807003566197,1.8041552695952672
