r2,rmse,mae,mse,mape
0.9980341941887186,0.019683716717967713,0.00924516637044087,0.0003874487038332016,0.06972033216899112
0.9961183497246172,0.026996414977596608,0.010317705519334183,0.0007288064216426024,0.08211925213559015
0.9976362785955367,0.02141064635385126,0.009599999804828115,0.0004584157772896842,0.0825824520767721
0.9972707924749833,0.024077402936023354,0.008978025168185598,0.000579721332143626,0.07509316411668665
0.9980434348370979,0.020188074493498,0.008676519244497267,0.00040755835175502455,0.07621170388560482
