r2,rmse,mae,mse,mape
0.9746313073243785,5.2236619424361805,2.8580421568627448,27.286644088856132,0.08079069424250869
0.9758717940584032,3.5359941876577503,2.326685082972585,12.503254895149393,0.07679248271342462
0.9800094029923824,4.3271753010331615,2.7293998797790264,18.72444608587143,0.07795291610129364
0.9863754545219149,2.9333487574268764,2.016635702170578,8.604534932697801,0.08836873821419935
0.9835263151888278,3.7341553313526923,2.5425584646092427,13.943916038669736,0.07558753192521381
