r2,rmse,mae,mse
0.9126503094875047,38.83775649897123,26.436803289544663,1508.3713298733824
0.9393935144215443,34.56487348436322,24.00879483130338,1194.7304789900354
0.928205311310017,36.51904023223619,25.504487995082375,1333.6402994836856
0.9217589898497058,39.73380028134581,26.852478749139856,1578.774884797876
0.9261893736319889,37.080703724295354,26.383216775301868,1374.9785886889715
