r2,rmse,mae,mse,mape
0.6375504272462684,1.5994058891315874,1.0431045194241633,2.5580991981888035,0.11642487049090482
0.7365199726382957,1.6131417706803466,1.1384295695342914,2.602226372313724,0.10132775425800572
0.767665427916858,1.0401176058068682,0.8146625316116425,1.0818446339094117,0.08921322834399165
0.4390248950625134,1.6670144132135691,1.10522812569357,2.7789370538617804,0.12216541051443752
0.4920026960485281,1.7293507658248832,1.264943547655753,2.9906540712591103,0.10868543485587949
