r2,rmse,mae,mse
0.9724863907329184,3.3707717154002297,2.336604073468376,11.362101957342208
0.8757331398829103,5.226927913306062,3.243252980742338,27.32077541089806
0.9391081359133289,4.684611788672817,3.280050035364488,21.94558761057233
0.8948072014431321,5.7638507163764325,4.55871421367382,33.22197508067312
0.9545142311752735,3.902156274350287,2.4378595868278943,15.226823589451312
