r2,rmse,mae,mse
0.9944139995106545,0.034227675937384926,0.015230546896065685,0.0011715338000746391
0.9955756136927415,0.027845533113599556,0.011170081777848631,0.0007753737143805693
0.9942744034300094,0.026533391870502052,0.011672888755366078,0.0007040208841536244
0.9970561816627561,0.02121484609554408,0.01103763250272046,0.0004500696948576219
0.9982538351260272,0.018308449372401444,0.010599131029477304,0.0003351993184217868
