r2,rmse,mae,mse
0.9428440300386521,29.27692624589003,19.398784778168714,857.1384104072845
0.9466484039634638,28.248377486309746,19.288535089206444,797.9708306090513
0.9434049282388717,29.320411156882237,19.68264383753093,859.6865104086244
0.9456105575905217,28.978248180597618,19.507484812279152,839.7388676163091
0.9447556880338424,28.935139556689876,19.406857004556876,837.2423011651192
