r2,rmse,mae,mse,mape
0.9007602947040227,111.78755942065949,81.19843401227679,12496.458441227478,0.057702607701230646
0.7111451931104298,116.18817162114632,87.62774523809527,13499.691224664954,0.06453022990606641
0.8503547528583482,118.92165267533856,74.66836158384727,14142.35947503386,0.05558978779700098
0.8841680729232344,116.61201614859492,80.65933333333338,13598.362310240162,0.054352377526119024
0.6952313019899042,131.79720954832493,93.4579826108871,17370.50444472507,0.06826663543358358
