r2,rmse,mae,mse
0.9983924363621675,0.018496948075202052,0.011007904085467049,0.0003421370880967209
0.9975174747520998,0.020772202704883374,0.01068337284612832,0.0004314844052127642
0.998311760108448,0.015237205348894675,0.008641921210004585,0.00023217242684438452
0.9970302964803625,0.0259118386132938,0.009967404287182341,0.0006714233803213835
0.9959224138011682,0.030025472826162414,0.013168602869147998,0.0009015290184346175
