r2,rmse,mae,mse,mape
0.6761448494356667,1.4159024332482457,0.9737682762976945,2.004779700478303,0.11110337397204686
0.43116840207779217,1.9501446033667236,1.326599477205667,3.8030639740403553,0.14387213442342683
0.7018429281247935,1.6078195830978745,1.2118933516774744,2.585083811793023,0.11789438077667262
0.4806848387165856,2.1348361910221745,1.5002515751382577,4.557525562498067,0.14231524349793603
0.6758027566306866,1.5336727554362883,1.108170870280338,2.352152120767537,0.11353599246832477
