r2,rmse,mae,mse,mape
0.7039921987034301,4.641688814991062,2.7780629715878193,21.545275055213125,0.25908264960312116
0.7121990277316899,4.847758847581567,2.9650253930301655,23.500765844305366,0.22537531097227814
0.730368531189227,3.965250932118308,2.586704426300319,15.723214954665112,0.222223657890272
0.6267267467499062,5.64747221216398,3.2172517552816493,31.893942387164323,0.23692637647560436
0.6752011232468125,4.961997979288833,3.045817783119479,24.621423946466468,0.21922560336049243
