r2,rmse,mae,mse,mape
0.9669969282145638,22.213341859025938,14.242247660273396,493.43255654595384,0.03229205449858951
0.9670519565398759,22.580396692305186,14.539218371510348,509.87431478186704,0.03273833172283834
0.9647943777624011,22.877058183592546,14.349626385280311,523.3597911354786,0.03248072601194156
0.9682767353292894,22.05349932350775,14.193111629288152,486.35683241195676,0.032157351860243724
0.9685824291059524,22.027917371048574,14.371880947203849,485.22914370574347,0.032314335111007675
