r2,rmse,mae,mse
0.9285927872723482,34.541040929172134,22.460625630002035,1193.0835084707444
0.9395919931781512,34.461806195430476,23.318416371595028,1187.6160862514103
0.9233950155161835,35.873923479422864,23.278895207095978,1286.9383858074868
0.9389881487831016,34.16750828599735,23.43228580399828,1167.4186224736977
0.9487261883114925,30.868328533165702,23.09505415846442,952.8537064314519
