r2,rmse,mae,mse,mape
0.8839227080958739,1.4303207672198874,1.1099642263139995,2.0458174971404874,0.0957611080146753
0.9421516966926056,1.0042530514419288,0.8058023869139809,1.0085241913304253,0.07546554277373932
0.9128148849524156,1.488262642486973,1.1820702813352855,2.2149256930223076,0.09799836393254145
0.900448512636071,1.0293216467170223,0.8465164266526699,1.0595030524002425,0.0823395692819975
0.8875078983107474,1.9500019953417826,1.338244825942176,3.8025077818369337,0.09915733987156428
