r2,rmse,mae,mse
0.9919734332452913,0.042008955758972566,0.016308856480670198,0.0017647523639593146
0.9966995265115183,0.024140660361778192,0.013270443689100585,0.0005827714827027287
0.9906192944325,0.039462938943273275,0.016993282733800203,0.0015573235500405144
0.9972373353293928,0.026483598934951384,0.013839154064254818,0.0007013810125473582
0.9960168383912252,0.029579421760670573,0.014750543904667613,0.0008749421916956318
