r2,rmse,mae,mse
0.9845282652171026,3.54337834144482,2.220291256035368,12.555530070620245
0.9835292636131931,3.8169875781876828,2.48133705558584,14.569394172039072
0.9932649013283081,2.2786893490683093,1.5270375932037243,5.192425149557355
0.9835727888261406,3.4333288986910078,2.311824616870167,11.787747326586807
0.9779146354378627,3.9097159568465476,2.522641618308776,15.285878863220514
