r2,rmse,mae,mse
0.4505298005240005,58.80536605163263,45.7664623941694,3458.0710764665077
0.44629376488023664,47.778628325284465,38.93434592655727,2282.797324645675
0.5086881400611486,49.19602852421715,34.863426310675486,2420.2492225555875
0.6028378620013668,49.17268535084189,39.270860944475444,2417.9529846129008
0.4068277187307143,42.385747981625975,34.99000532286508,1796.5516319619107
