r2,rmse,mae,mse,mape
0.9738497701096173,4.453107343853008,2.726766025323716,19.830165015877597,0.08995055043117516
0.9731714129779713,4.535833542149396,2.9412754275658877,20.573785922087534,0.0810257011107335
0.9737485061489589,4.378972536910252,2.8305794812933804,19.175400479014215,0.10527816594987786
0.9757437758870766,4.490808846375546,2.6604345715773596,20.16736409468486,0.09437272690797228
0.9754938340711073,4.565149070747695,3.014893336396221,20.840586038148537,0.08768534813735225
