r2,rmse,mae,mse
0.017220856338726498,30.248489935583954,23.591749668121338,914.9711433831238
0.11879028220751386,43.04925072673128,34.63525254385812,1853.2379881329737
0.18816207891926906,43.22043405803654,34.643774202891755,1868.005920165085
-0.007062749362593657,29.305854908245912,21.409006118774414,858.833131903161
0.17201434782797287,34.95699797256281,24.49810532161168,1221.9917072537605
