r2,rmse,mae,mse,mape
0.39111618169503626,3.5225391844678406e-07,2.7878183363842693e-07,1.240828230611136e-13,0.030438898291846907
0.23178579193472815,5.330553068135315e-07,4.221596784173558e-07,2.841479601220683e-13,0.044511611224782255
-0.13769162899336806,4.3223754289912186e-07,2.792014040669533e-07,1.8682929349147023e-13,0.031057573019141114
0.272614105456646,3.2742328034818395e-07,2.8295535658175507e-07,1.0720600451396545e-13,0.030434113078457527
-0.600712158646018,3.609103743058055e-07,2.6522138913319815e-07,1.3025629828155664e-13,0.028851840494330275
