r2,rmse,mae,mse
0.7883347199382973,1.2635649603837784,0.9497555673122405,1.5965964091096596
0.7763806208652886,1.3447488501454408,0.9471607646216517,1.8083494699674854
0.6288769594793892,1.167798956002642,0.805429453694302,1.363754401640861
0.7745345976351127,1.2876143338602999,1.003445040078267,1.6579506727625037
0.7182912990080157,1.4667405606616506,1.1212030002604363,2.1513278722900533
