r2,rmse,mae,mse,mape
0.6421834548001638,4.653249122122108,3.105895628787612,21.652727392530167,0.295406393081295
0.6865223406053619,4.584493055688007,3.247840257191324,21.017576577651564,0.3915579350745915
0.5408482460854891,6.080723116339587,3.482734977272586,36.97519361758662,0.2718772778233397
0.6102583052676087,4.2049542273542375,2.9308552496541775,17.681640054144275,0.28806542302452903
0.7243576438031625,4.57388251438816,3.079954707646838,20.92040125542576,0.29570633231401483
