r2,rmse,mae,mse,mape
0.9456134693061405,28.778479702068847,19.515913969215585,828.2008939623887,557630421132883.2
0.9475884607025209,28.170802450272912,19.036524087226013,793.5941106923023,604284602574847.2
0.9449415744899966,28.984172606299698,19.365055061279335,840.0822616717738,731408433590131.0
0.9434715863414711,29.228475457634836,19.711213611154218,854.303777577562,788277524900042.8
0.9488779195972988,27.809926003062024,18.94905645268118,773.3919842957853,487797863572481.2
