r2,rmse,mae,mse,mape
0.9886753708680895,1.9999012692907057,1.5246177897733797,3.9996050869105755,0.057829210294417975
0.9644193715495999,4.117692414468021,2.9922827128803022,16.95539082016748,0.10131574425574899
0.9659606811102064,2.8985779782606764,1.7624650169821348,8.401754296057751,0.058528211144619244
0.9962619527434728,1.485426826969979,1.1756476806191833,2.2064928582821004,0.03798275088888575
0.9814821132010254,2.721031320302754,1.814931640624999,7.404011446068548,0.05528998042570178
