r2,rmse,mae,mse,mape
0.9642726524825472,3.0554930651023993,2.0656341167213843,9.336037870888855,0.07869840092206452
0.9670368067860428,3.208262510833647,2.1064808308325924,10.292948338420617,0.07185169939049206
0.9256217056487246,4.653790219025632,2.794218386744412,21.65776340269864,0.10992161207356584
0.9812634137630752,2.368370642458093,1.706546260977833,5.609179500057361,0.05603462151631621
0.9717727945729409,2.6494272182495937,1.9007907888727278,7.019464584801781,0.07432546077611432
