r2,rmse,mae,mse,mape
0.7951013821151989,0.9263926611929338,0.7633744631072965,0.8582033627121258,0.0976736072177678
0.8220415324563286,1.642245645962348,1.1531928333681565,2.69697076168229,0.12098828717638895
0.8360442992557553,1.3306645746748478,0.868841454504097,1.7706682102945934,0.094204776287686
0.772280236253124,1.6570883482221235,1.1740045205601803,2.7459417938135253,0.1280472501743749
0.7324535457742676,1.3938939639693577,0.988572066847664,1.9429403827902094,0.13023582758531999
