r2,rmse,mae,mse,mape
0.8916985834039297,115.55329035687598,90.71795395753092,13352.562912300486,0.06493763447501633
0.8709970947107041,104.11525587547365,70.14821681038255,10839.986506015352,0.045773096031752045
0.832443198001658,123.55785502746535,88.24484477026705,15266.543538988144,0.06374942440316149
0.6535141131688224,127.67267447653406,91.39909196170957,16300.311807991031,0.06755709894172236
0.7831856164021533,144.8778328095355,89.44010103449983,20989.586439587725,0.0629090827406863
