r2,rmse,mae,mse,mape
0.5446048548546779,0.007048366504339124,0.00600359284975307,4.967947037948972e-05,0.03214899596762363
0.3241353587355361,0.012683333786403597,0.01051925355289592,0.00016086695593732698,0.05382923501531027
-0.09015908058375222,0.018059533943523783,0.01439607552586649,0.0003261467662572877,0.07146619195992363
-1.3626397031108812,0.02005578539892262,0.01674855113028043,0.0004022345279676378,0.08492283362676509
-0.0010447620177109762,0.02058112185926721,0.016092311690716274,0.00042358257698600654,0.09352965762294708
