r2,rmse,mae,mse,mape
0.17325637809531647,341.6650560738511,271.57550326260656,116735.0105419478,0.052589219697561036
0.5667535084908016,245.58584810259993,207.8561456853693,60312.40878827328,0.03810094104906739
0.4095184696340326,438.611929474369,247.11481614546344,192380.42467722885,0.05105107400420672
0.2864477347438119,497.0743985544307,336.56333229758525,247082.957698249,0.06197537080768734
0.6067693210493932,533.6383518616893,364.66787164861506,284769.8905776601,0.06771305057505346
