r2,rmse,mae,mse,mape
0.883519293523141,93.05000167378073,62.88052293874,8658.302811490596,0.04785094687766487
0.803749566822159,120.45352327046282,96.31831601434402,14509.05126826793,0.06920566271292664
0.8312739761284912,145.19698695612615,100.5408090899068,21082.165021137465,0.06881788060615299
0.8902599832036945,108.00240448507782,79.60146538041607,11664.519374558358,0.054963599604991566
0.8572094791476205,100.99138780469234,70.13008825368783,10199.26041071776,0.05192213925369185
