r2,rmse,mae,mse
0.6647550231884016,2.1520175895988407,1.4799479614307265,4.631179705942804
0.9217625500969573,0.9053724178318928,0.5911733534851628,0.8196992149707676
0.7627844084772987,1.6917361140919216,1.1435602336578434,2.861971079722835
0.7259094718206496,1.6057632841367004,1.071838222222222,2.5784757246814816
0.7977797542280904,1.5170558465024733,1.0113058384720686,2.301458441407336
