r2,rmse,mae,mse
0.8282108073793361,3.748105458891884,2.721307608920286,14.048294530975138
0.8320658600401479,3.7322260264217433,2.707360709199398,13.929511112299835
0.83032465107288,3.743157046485201,2.721895376446509,14.011224674651814
0.8347639695910998,3.710448925486377,2.7113158859038826,13.767431228643007
0.8276004914502573,3.7779505438716354,2.733328522618771,14.272910311939986
