r2,rmse,mae,mse,mape
0.8312467780024407,3.7629734891114444,2.702143259423745,14.159969479755558,0.07677638528717141
0.8360144766612567,3.6638291308059308,2.6883587074097663,13.42364389974214,0.07620626488715872
0.831379227813448,3.7343084697168254,2.6993700031577705,13.945059746998819,0.07654288583080857
0.8385437276121913,3.640262260749381,2.7072980818738186,13.251509327036196,0.076040524080383
0.8270437054650316,3.7996257852389608,2.740656262464679,14.437156107852788,0.0783694682392752
