r2,rmse,mae,mse
0.8849976420663418,9.82549639464799,7.001002201079086,96.54037940124064
0.7984763398026697,11.006890384775268,7.839556387196417,121.15163594245824
0.8675827881995456,13.330030957922553,7.7504126034205685,177.68972533917366
0.6881005075434503,18.816423914227588,11.503826442590846,354.05780891991583
0.9366383684664177,5.54873272560653,4.139343663776203,30.788434860216867
