r2,rmse,mae,mse
0.7307112443864365,12.872420326819267,7.712183308083081,165.69920507030983
0.987586933350061,3.2019545644303946,2.5145564830821496,10.252513032676637
0.9038612891997044,10.076632308746325,5.777584216905675,101.53851868567027
0.9225642426029002,7.8393927933928556,5.820695680120717,61.45607936909983
0.9088639766362615,7.2999405055359725,5.492760256062384,53.28913138436479
