r2,rmse,mae,mse,mape
0.6467164918608883,1.3933567883302913,1.0329539602217468,1.941443139586104,0.11115075910699244
0.5574990182394559,1.6495975013258204,1.0570996427665587,2.7211719163803902,0.10497370837345903
0.8033709176863264,1.1251375287026486,0.8821047509494037,1.2659344584951033,0.08564050932804029
0.4784422719320318,1.3597272007494006,0.9603784870842228,1.8488580604578007,0.09059422699326306
0.633954302690684,1.4967250343253486,1.1333472682082135,2.240185828376216,0.11018941607634562
