r2,rmse,mae,mse
0.9701480749093985,21.35274359732613,14.150031266693997,455.93965913315196
0.9709279703479438,21.460711913377693,14.287174798955947,460.5621558289912
0.9685842267836773,21.875196861180605,14.097353162123985,478.5242377154058
0.9665974368990139,22.654993266282368,14.40198240972821,513.2487198952995
0.9685757314604845,21.86911524098785,14.282087594270076,478.2582014236071
