r2,rmse,mae,mse,mape
0.9676584512911419,3.995859174891561,3.3617834493697947,15.966890545565066,0.10721143954189079
0.8166741461015427,7.451557403155055,4.852054204971782,55.52570773251491,0.11549308793477725
0.9094426874306175,4.852700967563199,3.040244824920296,23.548706680588808,0.12278276630451508
0.776077228513642,10.459173796012603,5.93074115304386,109.39431649519669,0.10866043841010432
0.8914229290696782,5.118683873105636,3.680248715736429,26.200924592791715,0.11085301029284807
