r2,rmse,mae,mse,mape
0.9796674904697488,2.724873358417181,2.0303980392156857,7.424934819411727,0.05946532657904558
0.7392990823654026,8.352958686198212,4.057786427160559,69.77191881333415,0.09124634100884461
0.9720866962941219,3.061966950505906,2.091977256490253,9.375641605990436,0.05214683720996637
0.9623070177666144,4.028122042285197,2.945973979725557,16.225767187543866,0.09953045739141134
0.9231503355060564,3.8693058693804967,3.0344600916276754,14.971527910822362,0.08431269206543723
