r2,rmse,mae,mse,mape
0.9021724276139639,41.67629316909612,27.87430447710656,1736.913412316448,0.183106176290588
0.9347225717910402,35.07705948663008,24.66251857528032,1230.4001022285852,0.17050646802343636
0.928602972192678,34.48856207004836,24.694888474507298,1189.4609136595784,0.15508797577162026
0.9091112315922226,38.85699046435249,26.15917670047807,1509.8657079467803,0.19411724442303535
0.9478457112837342,32.893883785761645,23.12054826158616,1082.007590511193,0.13625237547795624
