r2,rmse,mae,mse
0.835582684997517,3.7100999986727694,2.7290277371256684,13.764842000151683
0.8281370076972561,3.7522813077545965,2.7280993225639554,14.079615012524544
0.8313288960442249,3.7296876685572635,2.716281401025693,13.910570104988118
0.8291204828098079,3.775270113346124,2.7205335393282373,14.252664428724456
0.8234558028601681,3.853220640713853,2.7848475741897136,14.847309306023277
