r2,rmse,mae,mse,mape
0.8004932716287216,15.56319991023525,10.897961160411006,242.21319144594648,0.11936668594431721
0.7973164423833534,14.49802994597453,7.643477639125669,210.19287231437423,0.08864831661535547
0.8564202702349305,9.376664800141244,5.3388104014296545,87.92184277420782,0.07669294429056643
0.518927167574393,14.37747018145751,8.765448528787362,206.71164881869984,0.16127181107294017
0.8979889184184332,10.810473279505215,7.5509293743735295,116.86633252689626,0.10376385349655795
