r2,rmse,mae,mse,mape
0.8472913451413442,2.4538278456414164,2.020183199708858,6.021271096045195,0.11143990655851954
0.8484208246891274,2.4035223185552947,1.8573415392921084,5.776919535793421,0.11891854276058571
0.8308021667991465,2.2105608376364425,1.712793966690979,4.8865792168919295,0.08937277439827833
0.8599463676657801,1.9909111982039842,1.6988196098291457,3.963727399134024,0.0986805919507984
0.8486801659745804,2.142917109617116,1.6219081398823316,4.592093738689775,0.0939725871999583
