r2,rmse,mae,mse,mape
0.9721700340788644,3.059256906708059,2.0399735494497957,9.35905282124096,0.0668820114963268
0.9542410316939556,3.5942150617731827,2.58419636121954,12.918381910277205,0.08667827683962953
0.9537810955350984,3.8493975937944236,2.6397674184997344,14.8178618351103,0.0940014034464881
0.9445505728077337,3.723175012335765,2.522840285744053,13.862032172481424,0.08299440419115313
0.937614520746532,3.889091303590103,2.6477942652198547,15.125031167660165,0.09503175786549592
