r2,rmse,mae,mse
0.04235831647908983,4.021681624931279e-07,3.114241120339812e-07,1.617392309230989e-13
0.234360294334097,4.347626121486632e-07,3.4954134719920035e-07,1.8901852892232892e-13
0.04158314322253587,4.727654676949504e-07,3.382558612164444e-07,2.2350718744482517e-13
0.1099921069353571,4.5016217460840037e-07,3.540090291844734e-07,2.0264598344816392e-13
0.1645393554976795,3.066764750073935e-07,2.479883384838678e-07,9.405046032296046e-14
