r2,rmse,mae,mse,mape
0.9450137020070076,28.855355532249373,19.34869119183498,832.6315428925144,688728215457317.2
0.9444473008853527,29.063297170341166,19.615020423556935,844.6752424115608,445170412045459.06
0.9455147266641067,28.755694787826815,19.192985503690696,826.8899827306502,784992985879908.6
0.9438690563921099,29.239061987527496,19.49697020019198,854.9227459104754,1286752845983469.8
0.9458359114302662,28.693734284583577,19.604830762357594,823.330387194287,649875787456818.1
