r2,rmse,mae,mse
0.7672469256546377,3.8024747386634408,2.67209510876115,14.458814138173603
0.7022731221392953,4.003172871007116,2.746773556454736,16.02539303516736
0.5914295299788976,4.918634136974213,3.2355826806732613,24.19296177340806
0.7684663875656063,3.67920488622415,2.540214805083029,13.536548594815661
0.6940071331951512,4.855496452316848,2.9633205528177653,23.57584579846149
