r2,rmse,mae,mse
0.7585942359278687,1.2005670571202571,0.9132492403693218,1.4413612586423945
0.5776540840217723,1.734942365786664,1.1048312620314698,3.010025012601427
0.42009602185129036,1.6025524570613827,1.1459143434632892,2.5681743776334747
0.7054047997596017,1.3301578246053176,0.9380986650524406,1.769319838358751
0.7648960080237441,1.4835677782918464,1.075805995763279,2.200973352785805
