r2,rmse,mae,mse,mape
0.4439797606276247,332.17562364223863,280.5164375541221,110340.64494211016,0.05029900164438357
0.4658663062820201,569.3413272916034,411.09577413981276,324149.5469621647,0.07627329530036829
0.2341981984160444,259.09930854317565,204.5966903641687,67132.45168755174,0.037951966533284885
0.4182874866420715,407.47681720615884,296.66606009683437,166037.3565604614,0.05563220927285393
0.5189760943197339,348.55560142623256,258.0205802441635,121491.00728560268,0.04960415564296523
