r2,rmse,mae,mse,mape
0.9982091301492492,0.020621282749926383,0.010986742988681842,0.00042523730225241143,0.16858554526157876
0.9936888300991666,0.03386575738324461,0.012657505816339808,0.001146889523140787,0.0841426202810801
0.9959719730242121,0.026736697372391496,0.010544150368614582,0.0007148509863828463,0.08382400344182274
0.9971550701554074,0.022997319547358862,0.010267802173775363,0.000528876706363334,0.08615378837382824
0.99673927344942,0.02729494432290658,0.012760453145444403,0.0007450139855905702,0.0865459536007528
