r2,rmse,mae,mse
0.9686833111755241,21.58614819442861,14.027967108053623,465.96179387183355
0.9709933363564415,21.366468735245363,13.954606768087157,456.52598621421754
0.9685030244648114,21.885787886233235,13.987215123796096,478.9877114011934
0.9665957200164133,22.541330803467517,14.176090803450235,508.1115943913536
0.968507887800383,21.97236429598039,14.13363557281652,482.7847927552739
