r2,rmse,mae,mse
0.8066492684762947,0.11895662269292619,0.09618854134768255,0.014150678082507202
