r2,rmse,mae,mse
-0.10054877168327958,596379.886784953,451658.6364775693,355668969361.6333
0.06789343386895996,496121.9205068311,333944.8907613765,246136960007.38644
0.061488441350132206,458342.4715846097,377026.90146476764,210077821258.28876
0.26022238774846573,511630.9057815077,422288.2515940276,261766183750.80606
0.0055832262196121585,456874.12168982194,380549.31815385027,208733963069.84625
