r2,rmse,mae,mse,mape
0.909823019991579,4.601114692563043,2.664258523107159,21.170256414119507,0.0965271416643274
0.9486772040859738,3.958195919596715,2.5333125373692194,15.667314937912085,0.08328389132263894
0.9415951808128369,3.883567081442476,2.4254272061420235,15.082093276063631,0.08541822369861007
0.9541932868035989,3.8029584842432755,2.3428469278873307,14.462493232877911,0.10357789759602298
0.9508360274891458,3.64818697892232,2.6069843726980237,13.309268233178363,0.07996029748971416
