r2,rmse,mae,mse
-0.15770718713923304,0.01826819139107236,0.01298257616067311,0.00033372681670085035
-0.6173605872410655,0.019625356542904024,0.015285580549493267,0.00038515461943610584
-0.008688018753588933,0.016184872654098206,0.013041522108221931,0.0002619501028293759
-0.001283415063298321,0.015474660010951827,0.011892638145407503,0.0002394651024545516
-0.039116175233995465,0.01887507358760145,0.014494643324025077,0.0003562684029373699
