r2,rmse,mae,mse,mape
0.8473391676721167,102.2391393537128,83.11482381669303,10452.841615787906,0.06189809189127756
0.862864367892861,113.49242313376384,84.07756826612686,12880.530108773291,0.061505346707260315
0.9167324185300899,101.02670595964197,69.45922980154715,10206.39531705596,0.0504387271496958
0.8279119506006047,123.77743509515265,87.45236864397603,15320.853438734728,0.059483632757635053
0.7886512107884663,124.77036288806003,78.38395810896348,15567.643455218189,0.05526172344067059
