r2,rmse,mae,mse,mape
0.824036775344299,3.800697482831914,2.721692718049346,14.445301356004846,0.07738516212875174
0.8339612884515057,3.718423356122418,2.694611534078195,13.826672255356707,0.07700116623699346
0.8315524748066756,3.7397563010293497,2.7491623887449568,13.985777191088724,0.07791713398784195
0.8273371514911468,3.795185410660885,2.736291919844609,14.40343230129323,0.07698745710001871
0.8290622536517632,3.7569700215224735,2.7522308791954146,14.114823742618574,0.0778391495919259
