r2,rmse,mae,mse,mape
0.8635773783302071,125.86867827586276,80.60348666963124,15842.924170912645,0.05708864119872304
0.7768753256232395,122.24041911797204,91.96704651363314,14942.720066137465,0.06397531379350208
0.8996905401959935,96.21790690680969,73.20554636063116,9257.885609527495,0.05562752346906356
0.8394597732403406,109.72141053715484,80.46404162991432,12038.787930262873,0.056098481153155355
0.8777631167853813,111.49543213749007,76.9520041004304,12431.231387525655,0.05376181134427534
