r2,rmse,mae,mse,mape
0.9686119081916247,21.981786349425885,14.235693792299204,483.19893111180613,0.032292286687204616
0.9684678741714993,21.679320609422955,13.891957525118771,469.9929420861509,0.031859047705920754
0.9695593554810877,21.479724416696104,13.928057193491886,461.37856101721076,0.0316576773456321
0.9664716743833077,22.575961866202334,14.19678697247861,509.6740541842219,0.032318000645268824
0.9702034101328766,21.486418874809427,14.023544718154222,461.66619606376673,0.03196926603803118
