r2,rmse,mae,mse,mape
0.6737834081086225,46.894377723161014,31.714997811750933,2199.0826620425,0.03982838033719846
0.6983428406986611,50.0572562714501,38.87663797898726,2505.7289054256307,0.052211053315393524
0.35351286083730926,46.07207761211535,37.27701915394176,2122.6363354967802,0.04840409964374563
0.6501482930594107,43.260351098898255,34.20232226631858,1871.4579771999474,0.040131144934716964
0.5516881373424418,56.13563946386457,50.85737783258612,3151.210018016989,0.06642672874025311
