r2,rmse,mae,mse
0.9847811661003129,3.5849111251525465,2.347370683211125,12.851587775242496
0.9764141387282498,4.57465114817513,2.473526143790853,20.927433127500034
0.9842832745876402,3.0494840575264703,2.046328479365711,9.299353017108105
0.9581327973212468,4.914315790441649,2.7290553638819204,24.15049968818413
0.9751274101245382,4.044036315077259,2.445680909586056,16.354229717663653
