r2,rmse,mae,mse,mape
0.9035976147979549,2.1291094015118,1.831488472981831,4.533106843605935,0.1079400309398211
0.9013105697015285,1.8811857292003895,1.479744327611956,3.5388597477472015,0.07157837952882741
0.8668798081509292,2.396554861718345,1.836418997820334,5.743475205225837,0.10411144913400075
0.8751101633512725,2.7496295304518594,2.301789682790308,7.560462554732912,0.10353015947642673
0.9055006264735598,1.8312136641176686,1.472367192230079,3.3533434836512575,0.07882920101517625
