r2,rmse,mae,mse,mape
0.8838693050569055,0.9950526477687661,0.729606416983547,0.9901297718316321,0.06784296546645138
0.9575239260992559,0.8146250882601598,0.6767589689856199,0.663614034422873,0.06332466301036814
0.8557560860331245,1.9692814564152823,1.3574368319081558,3.8780694545810954,0.09960580768856038
0.9061919500381141,1.1756308051981923,0.902971934597715,1.3821077901309502,0.0716860094169617
0.8971733154076196,1.4625240150230465,0.9692258844115674,2.1389764945191323,0.07309614587881993
