r2,rmse,mae,mse
0.5352516336928101,54.72773328645622,43.75371446311738,2995.1247906734884
0.4242124443503563,53.50633008318947,40.73882034636211,2862.927358971226
0.46110052004028057,59.70871012347259,44.119137028530304,3565.1300646088785
0.2202510721195271,50.67080241333264,39.668265193417206,2567.5302172109964
0.5838754484836812,47.06426795926373,37.083512278647845,2215.0453185413785
