r2,rmse,mae,mse,mape
0.9494137835224014,27.865509784939036,19.11859501670626,776.4866355745331,156172360344257.12
0.9417717709001826,29.595691743141284,19.4071281038325,875.9049697550412,1106297198494558.0
0.9484338008867134,27.844742594177173,19.215512234788697,775.3296901359846,664297620674609.1
0.9440641757799776,29.069388230552573,19.492582538144884,845.0293320985885,536177089494872.2
0.9438237805406644,29.358492260153135,19.47090431945779,861.9210677894715,1387355978183255.5
