r2,rmse,mae,mse,mape
0.7205194282637828,1.7088400496309868,1.041436829245805,2.920134315222833,0.12891073057715174
0.8862361822414117,0.8031799140478559,0.6072862737040505,0.6450979743299213,0.07495270407635139
0.4244579715310437,2.6107214619634327,1.5685418484480058,6.815866551956484,0.17482234659307547
-0.9277811309163106,5.267620728489337,1.8819899361475103,27.747828139210537,0.3119770487405434
0.32199347489644226,3.309703309654828,1.6486619968118492,10.95413599794012,0.22918427895481866
