r2,rmse,mae,mse
-0.24340264296881986,50.23460756677252,37.46421664309458,2523.5157973876385
-0.1113321861665264,42.71544214343725,33.502317062439445,1824.608997509335
-3.4565659962592994,50.11370014681395,34.97097524281919,2511.38294240478
-0.4870269067082127,47.828061415172755,37.511812714151574,2287.523458733537
0.039672914945463544,40.02628675956732,28.734818443058796,1602.103631759114
