r2,rmse,mae,mse,mape
0.9508956333790617,4.833314819374198,2.795287923703466,23.36093214318224,0.08931759858040195
0.985944551350636,3.274763097643871,2.022685934449686,10.724073345690082,0.06945217882390814
0.98134502345752,4.071713568352021,2.5795653141855226,16.57885138270195,0.07745367500626264
0.9739961450971693,4.2910397608673,2.542117218659362,18.413022229344097,0.08572016805037203
0.980022556412314,3.662581130566748,2.4094780697782316,13.414500537983598,0.08735657445804072
