r2,rmse,mae,mse
0.9483270076652948,3.725488005270557,2.843240941832109,13.879260877414794
0.9514797180741124,4.006105031271459,2.57569786453417,16.0488775215785
0.9162485743833526,5.246487381442966,3.6421820164458336,27.525629843640274
0.9505289668036608,3.727498767827327,2.475354588532246,13.89424706415424
0.944436543078514,3.7576451283795422,2.4883898126182435,14.119896910834505
