r2,rmse,mae,mse
0.9660126790322624,5.5129354224555245,3.99110176592259,30.392456972164872
0.9350976881063459,7.2922660164896085,4.896500791684737,53.17714365524922
0.7596938741710971,13.123994762440276,8.869655782968382,172.2392385245598
0.911998564436865,6.050876690483542,4.6155610983880715,36.61310872343706
0.93281075866979,8.659397470241496,4.841420908486032,74.98516454762482
