r2,rmse,mae,mse,mape
0.9629354238833968,28.722356121982447,19.877938159383636,824.9737411979825,0.07864918322474825
0.9371294849043861,38.10830397828134,23.112389990857263,1452.2428321010937,0.09163380514810918
0.9720651673481392,24.753527507681977,18.205106252175945,612.7371240735682,0.07829514592580455
0.9514202921614383,33.100996297127466,22.41206267845668,1095.6759558624462,0.08279977961313117
0.972325304284236,24.398907726794,17.318079577712705,595.306698260608,0.07593820297610542
