r2,rmse,mae,mse,mape
0.6532989495227348,5.108570671559311,3.1676915928571945,26.097494306315944,0.24239472852364927
0.7596085473188883,3.378600040029789,2.2692264784768126,11.414938230489291,0.25530775273611167
0.7463623914203379,3.5702615168573684,2.395144863467972,12.746767298752678,0.25146924250495534
0.7566707935984924,3.9528234698880023,2.563136798874208,15.624813384097425,0.28995909031985134
0.6376101947323227,4.6416235479019035,2.891423028158914,21.544669160437454,0.2581263865915826
