r2,rmse,mae,mse
0.542589435882713,5.543778618949584,3.5690884540339183,30.733481375922555
0.6558066401431805,5.037566881775707,3.382726008492569,25.377080088363414
0.7009826015671734,4.40866710870021,2.962882153911955,19.43634567533507
0.6634447833535773,4.037567041177841,2.715985841722272,16.30194761200558
0.6084574795781991,5.112360784665885,3.1510444646648463,26.136232792589585
