r2,rmse,mae,mse,mape
0.14731769875320067,30.659553878560256,26.751287984334752,940.0082440323392,0.05511038461675966
-0.5737006365363408,51.31044871713893,38.748572796011565,2632.7621475541446,0.0882136272137907
0.2069351721246494,44.59225425362303,35.66533137196643,1988.4691394197614,0.06894412777471015
0.3456814203645652,47.22887496421686,38.44848949614199,2230.56663038563,0.08522441147694398
0.048223268633425964,54.983963070973935,41.293914700659634,3023.2361949902256,0.07823004796572187
