r2,rmse,mae,mse,mape
0.9203485920374408,0.07635059825131951,0.056489550470358495,0.005829413853334394,0.018686640828864762
