r2,rmse,mae,mse
0.914433536595925,1.3623394619650568,1.0702124113570566,1.8559688096272406
0.9066168755143172,1.5846355340083356,1.1600021533310443,2.511069775641883
0.9092155805909475,1.1331968284038318,0.898051435836533,1.2841350519045034
0.8821894960955768,1.510125538486818,1.1764576334484111,2.2804791419901016
0.9204304255436107,1.3672347176988402,0.983679620627497,1.8693307732810271
