r2,rmse,mae,mse,mape
0.9586730777640283,0.2587827165768478,0.22388364769940297,0.06696849439889314,0.02502093601742601
