r2,rmse,mae,mse,mape
0.8926136995524558,1.9727229144195493,1.480828808603405,3.8916356970759605,0.08345427747355137
0.8617592467574064,2.5040616431149907,1.902579226929267,6.270324712519748,0.11669143623742691
0.8847931934822434,2.073747123971113,1.7609687495278916,4.300427134178463,0.10725306789371478
0.852995921904301,2.3048313103267084,1.926152919587635,5.312247369062332,0.09891508262911683
0.8327268288476517,3.1489583061294235,2.1673943820199857,9.915938413741488,0.10647112163716732
