r2,rmse,mae,mse
0.17218644613243983,38.70248269555079,31.246604280217664,1497.8821667994084
0.15294061333524578,34.29246871913703,26.079187869827326,1175.9734108529915
0.11100405956427373,51.15037057185489,37.58654115111883,2616.360409638079
-0.570990179911568,45.423509550819006,35.53928357654572,2063.2952199133456
0.2601763218991031,37.833152643303364,29.21413493026613,1431.3474389314924
