r2,rmse,mae,mse
0.7440781992187075,1.9234238770554046,1.3426059785294528,3.6995594108268444
0.8730282583635683,1.1311870969024236,0.7882304459524155,1.2795842481985331
0.8009067544698645,1.2949746907525357,0.9747988932800291,1.6769594496896252
0.6827354710673301,2.1300340010922896,1.3462319604873656,4.537044845809227
0.7318932965900725,1.2622643005151017,0.8762155582380295,1.593311164354879
