r2,rmse,mae,mse
0.6666289235075271,4.677296015983969,3.1084973981248276,21.877098021139506
0.7302554231876388,3.787654172870781,2.534427706349948,14.34632413326544
0.6214901458767532,5.558781059437504,3.6568064691169178,30.900046866761134
0.7012933153687022,4.273755134555856,2.931439841871871,18.264982950142542
0.7159197575301931,4.441189888795172,3.031724735632639,19.724167628336474
