r2,rmse,mae,mse,mape
0.558222035465952,1.7784627624714677,1.3998524136478154,3.1629297974976445,0.1317538429430112
0.6656772955215978,1.6725437424470353,1.196435357512266,2.7974025703987344,0.11182465716052899
0.6444188832318707,1.7643453135307303,1.3232231790207998,3.1129143853778514,0.12231215294206964
0.6728234132307427,1.4689601794386504,1.0557642523635666,2.1578440087764323,0.09515926965679522
0.7307284928761562,1.497615937879213,1.1079055342538642,2.2428534973898353,0.10829003919013255
