r2,rmse,mae,mse
0.8343562290598664,1.6101018772673041,1.1884706661381548,2.5924280551796968
0.6925317547333295,2.0702940673530814,1.2376113035583496,4.286117525317365
0.726985050823745,2.1902569930254616,1.4788681672939061,4.797225695496937
-0.5803587730660744,3.804423919152577,1.539558893806105,14.473641356620256
0.8378163973766564,1.6430911972707236,1.1629006088224214,2.69974868254854
