r2,rmse,mae,mse,mape
0.970244134408831,26.465281356162933,17.493521253267925,700.4111172608652,0.06153992437810181
0.9597578310368737,30.326200938400596,19.761598905589846,919.6784633562493,0.0862709274348585
0.9576208394363733,32.41358005492491,20.73894603477584,1050.6401719770256,0.0750403052060344
0.9600149088863272,30.232599845961715,20.30864330497053,914.0100934460443,0.08008163822697403
0.9603273976447361,30.2043526403643,21.566698314679993,912.3029184234817,0.09122692624943732
