r2,rmse,mae,mse
0.8843376357370631,0.09200506756396042,0.068658271720012,0.00846493245744892
