r2,rmse,mae,mse,mape
0.9037388637286039,113.65710450371218,79.83939323004661,12917.937404167751,0.049237430668367395
0.6732390111315091,140.53258270925667,96.34382824611936,19749.40680293407,0.07624138325561776
0.5699364011946029,131.10876494610557,90.96896971405465,17189.50824569316,0.06781277248306555
0.8820561355386619,111.19671932941155,86.604166918093,12364.710389623928,0.06076770404286238
0.8264288694779641,120.5660616618545,87.92492631966233,14536.175224650104,0.06157733277095238
