r2,rmse,mae,mse,mape
0.8974500707538003,8.961264185189329,4.86505950859677,80.30425579675695,0.04941628292102766
0.8319912648452693,14.240703194081544,8.719596917368147,202.79762746192426,0.08695325938174571
0.8896203299936429,10.22304899664546,6.373524073125146,104.51073078781374,0.09025364149880463
0.5531990862279801,20.099009248294216,13.072709468397747,403.97017276301636,0.13014169376171314
0.887323555121831,10.973981846499388,6.781521369124757,120.42827756729812,0.07759434141329723
