r2,rmse,mae,mse,mape
0.8876952221511403,0.09065981581093563,0.06870444796234369,0.008219202202872774,0.02338719275053541
