r2,rmse,mae,mse,mape
0.9674644480709835,0.22961371502475697,0.19582190363605836,0.052722458127470305,0.022106640610165176
