r2,rmse,mae,mse
0.9071601517609968,1.1574981689168733,0.9925197015709679,1.3398020110459146
0.9122550937372056,1.226445322889438,0.8828375968592498,1.504168130037378
0.9033997754626109,1.4546772420802598,1.0554587942005547,2.116085878626231
0.9361379835094784,0.9853109360107696,0.8300180702018797,0.9708376406224188
0.9047102969129283,1.3835115595552652,1.0908192828846874,1.9141042354230422
