r2,rmse,mae,mse,mape
0.8359047890104372,3.6843542307979305,2.674243488518633,13.57446609799861,0.07557486300475884
0.8376356848528878,3.6880367172130177,2.7011087617724923,13.601614827511371,0.0765180442308799
0.8334280495903101,3.7104204506704512,2.7185094557148517,13.767219920753513,0.07716392475165264
0.8385202528026537,3.6539978817507195,2.694075356683616,13.351700519838746,0.07619076084160457
0.840144285906154,3.635320107131026,2.6741987918374903,13.215552281311133,0.07605355596165007
