r2,rmse,mae,mse,mape
0.7250876282945223,4.48441247776833,2.7971530110668987,20.10995527076429,0.2623360784981867
0.6858497319011869,4.548835323745359,3.016914618278995,20.691902802553543,0.26221615269461646
0.7261212002772972,4.123083597051935,2.8504147397788464,16.999818348278726,0.2599290146243282
0.6634262837009257,4.726188158981832,2.721019857856119,22.33685451410008,0.2189465111017799
0.6227829791231403,5.55699670609124,3.2158463482036708,30.8802123915089,0.2558742785126374
