r2,rmse,mae,mse,mape
0.9274998024777278,38.04568785094192,25.133046044859775,1447.4743640513093,0.1741229797311398
0.919452634683226,40.51287799231981,26.084883107695468,1641.2932832205906,0.1315024869158217
0.9183340375291701,39.13326347545819,25.85065002008373,1531.4123102396302,0.15674759764376398
0.9238278974218038,38.48399896291213,24.648510816485384,1481.0181761774222,0.1588523117282826
0.8979844619707789,42.664134897223256,27.37846385600955,1820.2284065284634,0.19350344239697925
