r2,rmse,mae,mse
0.9375857494695838,4.360779442544871,2.511147943845073,19.01639734652196
0.9578088666571891,3.758951914907201,2.4615775468424683,14.129719498584512
0.9283432975068433,4.586707525064473,2.5015426697835186,21.037885920483063
0.9535174712468022,3.503348257735267,2.4806018385030693,12.27344901497673
0.9283441415053664,4.342075032888429,2.4731398373495024,18.85361559123305
