r2,rmse,mae,mse
0.10171655974309723,0.012678781017786932,0.011068726218154704,0.0001607514880969942
0.09699696522882362,0.01402178598424826,0.011348851860314152,0.00019661048218806094
-0.2044914476818842,0.016684873783256823,0.01339727280313822,0.0002783850131632109
0.005772680068355629,0.01518802014711735,0.011670388633264904,0.0002306759559892425
0.14054882791740242,0.0169732595822386,0.012641988845367309,0.00028809154084605444
