r2,rmse,mae,mse,mape
0.9359230468732175,5.173295209065291,3.335380009211114,26.76298332013789,0.11072853027986108
0.9079868317641893,4.934726955952021,3.4244332026123327,24.3515301297995,0.11979118927712197
0.8728070664934444,7.90030967681538,4.512307012503898,62.414892989582725,0.2132904453818565
0.9755325638542419,2.7396491835474452,1.7818718832273737,7.505677648912184,0.09391875137696751
0.9822943544530541,2.2917278304391058,1.3833259149576558,5.252016448809131,0.05626685248083234
