r2,rmse,mae,mse
0.8415841843810681,2.4897533878860405,1.794360401881111,6.198871932490017
0.8103580964314266,2.9453402384057292,2.024749760100106,8.675029119971917
0.9149076980509658,1.8141527699986597,1.462397835209065,3.29115027289381
0.8408172655514066,2.04467113357927,1.6556854499160312,4.1806800444923375
0.7624188614655584,3.8379988675840893,2.540414365659547,14.73023530757675
