r2,rmse,mae,mse
0.9446450960619192,28.979765125164842,19.58970113764206,839.8267867097204
0.9460069412249675,28.76086019131564,19.43112804644183,827.1870789444048
0.9474806488264683,28.303525793674535,19.251095776877264,801.0895723531997
0.9440171966888095,29.018727285961283,19.681232378431957,842.0865332969939
0.946817381853126,28.651868005317315,19.38002345470917,820.9295401941259
