r2,rmse,mae,mse
0.8327140280805281,7.907151726114854,4.221146006292743,62.523048419801114
0.9378317747002214,4.781257404265816,3.13190075480477,22.860422365846688
0.9785152614639481,2.9006741541516914,2.404688895396927,8.41391054856363
0.9273793775325878,5.523625115186605,3.3108773128901947,30.510434413120233
0.788873368332146,7.486069325575453,3.0989439662713636,56.04123394732173
