r2,rmse,mae,mse,mape
0.4441439829769608,38.13038681647874,26.063631751320578,1453.9263987742959,0.056972242959430396
-0.26733559739570323,44.86845559226374,33.73746022311124,2013.1783072349433,0.07824180647996623
-0.44812434479415564,31.465254948706804,25.806033741344105,990.062268987118,0.055966692466064234
-2.0893007961159302,36.40305460364615,29.03512122414329,1325.1823844760431,0.060115753781683476
0.27024960484224403,26.204292909148336,21.938946463844992,686.6649668684418,0.04521681028935628
