r2,rmse,mae,mse
0.9078485511930038,38.69101599531465,26.415746787952823,1496.994718749694
0.9396731511669635,36.438182971357065,25.613885760861777,1327.741178254096
0.9387049860444124,32.9263403344979,23.13666520007821,1084.1438878231834
0.9250440419602904,37.87593337787873,25.069198605626127,1434.5863292455083
0.9336603197797754,36.49245402351914,26.16212565455326,1331.6992006586581
