r2,rmse,mae,mse
0.9422903569505225,29.579332186263358,19.724013337895407,874.9368925853155
0.9423392777307364,29.58127239011752,19.816343020810443,875.0516762183291
0.9433994091173987,29.05406349987923,19.624327955918485,844.1386058550145
0.9433718979220105,29.119183718469888,19.59265249509676,847.9268604300019
0.9476030067799396,28.326758962698314,19.3720977875622,802.4052733308093
