r2,rmse,mae,mse,mape
0.9239527011872585,42.58743718822723,27.119725960152493,1813.6898062611995,0.1817196633811849
0.9311634192917909,37.928509347783255,24.380293710160142,1438.5718213448815,0.1505528484255788
0.9293667775651289,35.503312855988256,24.741962675987583,1260.4852237501807,0.1350474998361836
0.9226716910851511,41.42074070151168,25.499005312134376,1715.6777602618663,0.17610584997282136
0.9239641895023697,40.331598653097764,26.88045754050638,1626.6378499145571,0.1976611773208237
