r2,rmse,mae,mse
0.9683254504409686,3.05140012581208,1.9526950063329904,9.311042727805978
0.9293670588715596,4.059214211505744,2.545475130306823,16.477220014890204
0.9607901395967787,3.2270018394233095,2.2928284635250593,10.413540871641423
0.9348811177659675,4.198625869582456,2.392435491560521,17.628459192727036
0.9386520403932468,4.021886021622991,2.554988701088873,16.17556717092641
