r2,rmse,mae,mse
0.10993077546765306,0.01411939593669623,0.01184642396068999,0.00019935734161719403
0.24553036535928097,0.013201463413846795,0.010522438140386451,0.00017427863626713548
0.11914259860428755,0.012374928561442717,0.00999421650809901,0.0001531388569008107
-0.031412576565201356,0.01495047081191741,0.012434160407366496,0.00022351657749799446
-0.0758254034133714,0.015694413567750372,0.011863191497977824,0.000246314617235587
