r2,rmse,mae,mse,mape
-0.18037267771961019,82.23039613131213,52.94990123401988,6761.8380479125135,0.06553850169724863
0.48528589044760617,39.559475381902075,31.45627259343096,1564.952092491316,0.04294424540880597
0.1450683021061029,45.82092107215351,34.784485425000206,2099.5568079005216,0.042772837102808
0.5931089583340898,52.155386196369626,40.502818557598864,2720.1843092924632,0.04981527210053119
0.4186330467204421,59.00858653340662,48.546328773226676,3482.013284670537,0.06374586283473448
