r2,rmse,mae,mse,mape
0.8384280788113618,0.10874233652249614,0.08215324144604375,0.011824895752371799,0.02743273168408172
