r2,rmse,mae,mse
0.9412791474769923,3.8367931461744558,2.550342257182727,14.72098164653128
0.963302795094485,3.4792070069189065,2.466019733347942,12.104881396993616
0.9530185598046932,3.4661552813436654,2.436708942339258,12.014232434386585
0.9208715973333672,4.613504624076905,3.2069397013395737,21.284424916378978
0.9462595780226986,4.042193379478141,2.6404101135825435,16.33932731709691
