r2,rmse,mae,mse,mape
-0.4027719017701701,562194.6871232567,444657.129915443,316062866229.6165,0.09933785971218563
0.6112120743588516,297569.8428439861,247340.40213974196,88547811370.1946,0.05586830292851716
0.36637009733204395,397360.9100809953,298470.1092772132,157895692860.39685,0.06510997543046072
0.43545472521248674,508274.75165877846,450443.09927425184,258343223173.79294,0.09975934915500403
0.010320030630880939,511097.428184066,420887.15729765804,261220581096.36652,0.09418620145101167
