r2,rmse,mae,mse,mape
0.8934420442464559,10.664863116813875,7.452138417700063,113.73930530037694,0.09530767273402234
0.9732453049286869,3.9362182169057567,3.190748558873715,15.493813851100736,0.05673195621585929
0.8684019602199037,10.233410237685,6.077570795494579,104.72268509275618,0.07705836937270835
0.884389729596831,8.476784168884244,6.304997803335603,71.85586984584653,0.08684323113742995
0.8442034127786583,10.910605644702265,5.267571952550308,119.04131553420893,0.05342678925129625
