r2,rmse,mae,mse,mape
0.9233447965554589,40.120113003618904,26.362745727217476,1609.6234674231507,0.1696273721062072
0.9298049523901529,36.71858617745073,24.254550088283626,1348.254570870876,0.14208832813208064
0.9341388315560913,36.57932684574392,24.323058219496595,1338.0471524877619,0.1801569880890133
0.9130673993560219,42.38361581345085,27.19430863987221,1796.3708894222011,0.1978267109832164
0.9297212792044932,37.36506481571484,24.17982944880807,1396.1480686825707,0.1480143085026656
