r2,rmse,mae,mse,mape
0.8591591853600883,126.18817020793327,92.01545743569022,15923.454300426336,0.06543178875001297
0.6422213248432086,121.01676265148708,84.52312757694806,14645.056842646358,0.06349301089436969
0.687652762873149,145.9195994497227,92.83991585849296,21292.529503567515,0.062209418071893355
0.775699619469066,139.2660012469799,95.82250688655753,19395.019103323804,0.06667110431937959
0.9276219559945519,101.7333335155991,81.02062946764497,10349.67114819612,0.061543575403543035
