r2,rmse,mae,mse
0.9687822527539669,3.1188631671834406,2.5556375295099967,9.727307455613522
0.9875909260449149,2.387411956292769,2.1276588103350473,5.699735849049667
0.9774827768852267,3.3847174981956116,2.5426339936290967,11.456312542591562
0.9313017015419165,5.504599550146788,3.083664139315918,30.300616207476228
0.9549643114967231,3.584033515962088,2.7928132668796417,12.845296243539565
