r2,rmse,mae,mse
0.9491124694406397,35.754680510581146,23.394243918524847,1278.3971784137314
0.965908279616099,27.964190409462002,19.038250521083864,781.9959452566466
0.9441078905075945,35.484097044161615,23.215554485321046,1259.1211430394792
0.9420760659805998,37.06301246010712,23.688830555555555,1373.6668926180555
0.9320294808766665,37.01484407052518,25.668792004055447,1370.098681565293
