r2,rmse,mae,mse,mape
0.9115891484711218,1.2483126270574494,0.9355427499484621,1.5582844148710706,0.07289774866776798
0.8866241994774242,1.1858795739483128,0.9035917752129691,1.4063103639078318,0.07593379433044875
0.9245161880241167,1.3789745406660403,0.9472487980978829,1.901570783805117,0.07492632972619707
0.9038334136552587,1.3837950683752298,1.1020373099190848,1.9148887912596066,0.08949049486565097
0.8963910297385171,1.7919358603304927,1.3411094443419758,3.211034127538383,0.10811878398766185
