r2,rmse,mae,mse,mape
0.23776380509796258,422.15669805350916,349.34277187457593,178216.27771144168,0.06833074083620755
0.23497836582929388,596.9061081053718,458.48948968141485,356296.90189350187,0.08809889502130036
-0.912309795196768,417.42341066953355,363.05447145865907,174242.30377498604,0.07011500878780676
0.6324657127559383,379.30679096371324,317.99333448327013,143873.64167119007,0.05951899737480733
0.4108465459095545,289.11394256515325,241.30252308883107,83586.87178556675,0.043032364584019836
