r2,rmse,mae,mse
0.8643093732388276,8.813771369611645,6.878012429265787,77.68256575578593
0.9467426587710487,5.716417586759485,4.52424070040795,32.67743002621314
0.8980445126536031,9.243664855342546,5.241157320081197,85.44533995789494
0.8447590632775117,10.839461694030277,5.716153483745491,117.49392981634973
0.8716871339383461,10.519430021206576,7.741843385013867,110.65840797106219
