r2,rmse,mae,mse
0.9151979169807425,0.3706994964606327,0.318610669221423,0.13741811667616666
