r2,rmse,mae,mse
0.9151877963219666,0.07878524495863673,0.05374993646764122,0.006207114823192395
