r2,rmse,mae,mse
0.6726981199014483,322.60082987159495,251.21451331253164,104071.29543384173
0.518583489134486,398.964168989841,291.7796566378335,159172.40813775445
0.5432163369167096,395.9940685540784,266.42284368690923,156811.30233001214
0.4769364993195505,445.50236089409765,344.90371213747886,198472.35356221485
0.14663562155840726,523.358904632656,426.1173724164563,273904.5430582935
