r2,rmse,mae,mse
0.9612102546264082,0.25071320021494,0.2084217112064363,0.06285710876201657
