r2,rmse,mae,mse
0.09614463304947907,484434.7488987505,372027.72433035716,234677025940.59546
-0.2264406957552716,540625.0856166465,435486.30915178574,292275483198.0063
0.10930821903341525,477581.39327104535,346736.81026785716,228083987198.7129
-0.11427967918974868,472798.4807514,409536.11104910716,223538403400.83197
0.11431429092065593,553829.7130672585,446103.61467633926,306727351076.16187
