r2,rmse,mae,mse,mape
0.28679256718617574,70.49417696840203,55.566359607222836,4969.428986452383,0.07510331140238447
0.8297757220047729,28.961470354687464,23.997172309943153,838.7667651054409,0.03195942931930881
0.6016448012361587,53.73260540542831,40.84060583856617,2887.1928836554634,0.05121169681992965
0.23768743029814343,59.19739844459205,51.34429844198466,3504.331982607789,0.0685544775048485
0.5138647291174023,36.399719555688236,27.492243628441553,1324.9395837327527,0.0360862748693849
