r2,rmse,mae,mse,mape
0.8744513139011711,2.4132673022559827,1.9763570772750036,5.823859072137869,0.10717810818329536
0.8148038948230044,2.68969302697406,2.2235582276469184,7.234448579352882,0.10819489324375585
0.9403392940628447,1.513041167119406,1.2625574866930642,2.289293573398054,0.0646048715171432
0.8826408622220949,2.268255281246876,1.68468714540913,5.144982020904345,0.09335213725203066
0.7983764625668415,3.004190957219028,2.071786643209912,9.02516330743658,0.09196565636962771
