r2,rmse,mae,mse
0.8260851114552874,3.818961168989099,2.7771313788169807,14.584464410246586
0.8213453180025974,3.8751153715298736,2.7897486123267368,15.016519142667109
0.8340534692828736,3.72743256197938,2.6886043400461754,13.893753504104165
0.8235962743723007,3.814436236297041,2.790097715695548,14.549923800775938
0.8341633489379736,3.7199526667327825,2.6882019254448934,13.83804784273234
