r2,rmse,mae,mse,mape
-0.34800084480942717,3.0351283351235616,1.3574616755533215,9.212004010669922,0.200044820250862
0.3262653658709146,3.0084637073029317,1.510928345808983,9.0508538781589,0.15866526907670778
0.8199076744601967,1.5271586110386839,1.043699482610226,2.332213423269602,0.12724848740037387
0.32326559928826737,3.2499287052260293,1.6798833346056938,10.562036589052134,0.2314668026257352
0.6356605134580573,2.0173544357188233,1.1182514544796944,4.069718919314413,0.15909684280186417
