r2,rmse,mae,mse,mape
0.9869913600065845,3.1950214681354874,2.1068331347595826,10.208162181846646,0.07376630115205093
0.9765527617233162,4.207699914821681,2.5356654251469117,17.704738573190383,0.08543043862823439
0.968326240600649,5.649793859339083,2.9884955202831938,31.920170653025615,0.08514519973616635
0.9740651610563575,4.316394449712832,2.842263054745455,18.631261045511746,0.08655551529607859
0.9846874712392332,3.2621519205577783,2.1992769442060416,10.641635152798802,0.08266093710871453
