r2,rmse,mae,mse,mape
0.9944930701945501,0.029634962263575322,0.012316873783873578,0.0008782309883635333,0.09276365899985355
0.9982973076239302,0.018292365524481827,0.008887465183237268,0.0003346106364812513,0.0817227853599033
0.9983238555119381,0.01789330068705455,0.007517690454289819,0.0003201702094773468,0.11715220327336799
0.9984459331709076,0.01939466365234051,0.008968010092745263,0.0003761529781874182,0.1474999434770012
0.9980654418665271,0.018130495871978684,0.01010958787038718,0.00032871488056383606,0.16419411714160256
