r2,rmse,mae,mse,mape
0.9924654819464607,0.04053539808210829,0.019929302056630446,0.0016431184976749887,0.22997494423962195
0.9963167504074429,0.026245628736399775,0.01214166116277205,0.0006888330277689337,0.10279193873638903
0.9985957941346137,0.02095038894938875,0.012959286818744179,0.0004389187971306702,0.1793706630000844
0.9959696590716821,0.026497323874842688,0.014990307101804918,0.0007021081725283083,0.14691812003292276
0.9935103402035924,0.035644693472585275,0.016032983778501597,0.0012705441727545634,0.1256179447078399
