r2,rmse,mae,mse,mape
0.6980129835919873,2.288529492771551,1.4888724914945863,5.237367239285213,0.20294369290153896
-0.0874856774089503,3.406925664820731,2.021797969420191,11.607142485614181,0.2787200515182685
0.7697064301514391,1.7255004169827444,1.2012731970862247,2.977351689007625,0.1266828088869236
-1.3090671857485217,4.612601511364533,1.8331378617905774,21.27609270264237,0.3114458370691697
0.794660418491389,1.7193873161851476,1.1375712323683436,2.9562927430583645,0.12601611354491518
