r2,rmse,mae,mse,mape
-0.48251477144799315,643759.7327614661,515797.75923295453,414426593525.1142,0.11189911998183905
0.23993270946392342,471131.2800879552,377811.6193181818,221964683077.31525,0.09254372732849127
0.3427714511715162,345209.5494428244,299586.0596590909,119169633026.5178,0.06694527493533318
0.24588875563038026,525344.6003212527,379860.5546875,275986949086.6968,0.0885601420290038
0.2029930493785519,510945.221525085,423961.0227272727,261065019399.31818,0.09469451099553573
