r2,rmse,mae,mse,mape
0.9684981762050223,21.927252902258477,13.990286826064118,480.8044198396028,0.03179623693617148
0.9682754939480068,21.673462895588752,13.957268903876368,469.73899388646237,0.031876077848536265
0.9672287401086017,22.42873340367454,14.225302591784578,503.0480820931061,0.0324670459602507
0.9706442700404936,21.166740093937488,13.946147367451228,448.03088620430077,0.03189831868485584
0.968240930079661,21.78778626691643,14.12565255304152,474.70763041283215,0.032173998612020104
