r2,rmse,mae,mse
0.9684020626170428,22.07780919568333,14.043652381733235,487.42965888099934
0.9684369659422793,21.838246082378713,14.116234615776081,476.9089919545292
0.9684854771899991,22.065196351471574,14.406427552752158,486.8728900289945
0.9667772946788697,22.575915024400295,14.433904088352355,509.671939188943
0.9666742535079738,22.689850898547924,14.295641754125288,514.829333798336
