r2,rmse,mae,mse
0.9502275286289257,4.866084316939338,2.8123620090347417,23.678776579562985
0.9852899204788015,3.3501560864530866,2.027550045624799,11.223545803598661
0.9814476326048628,4.060500175826077,2.523780831198746,16.4876616778836
0.9735476440530206,4.327886379788374,2.547629488379278,18.73060051635772
0.980154975500215,3.6504223672302127,2.4087245265921977,13.32558345917463
