r2,rmse,mae,mse
0.9527864674663847,32.148107296115,21.53621973205882,1033.5008027225226
0.9624662406556007,30.867680765661532,22.60372759299359,952.8137158507909
0.9577830417748758,30.271424871439923,21.44291272955698,916.3591637472315
0.9566478510141078,31.492889829997452,22.861741741677612,991.8021098443569
0.9502079959305426,32.87476860278234,22.415940075939012,1080.7504106864835
