r2,rmse,mae,mse,mape
0.8613901634185226,0.10071930993221558,0.08246635801889572,0.010144379393221699,0.02781902386698762
