r2,rmse,mae,mse,mape
0.9452980360800324,28.821043926065787,19.276134827060595,830.6525729882136,814694830548561.2
0.9464619700153747,28.410465180451734,19.322860608818527,807.1545317696604,778553046076181.0
0.9456568921257718,28.587646142711122,19.47239102119333,817.2535119808662,497667877175705.5
0.9448569063032335,28.706086809858824,19.30393193961958,824.0394199351508,876104051085570.8
0.9443219071443683,29.055096817587312,19.661848715468764,844.1986510793724,332478426590524.5
