r2,rmse,mae,mse
0.7116059084450399,4.288300437695334,2.6383491530945085,18.389520643937992
0.760255235624357,3.983931239839509,2.574594706352223,15.871708123769167
0.6899513659725542,4.624781410990025,2.924498106350863,21.388603099438885
0.6486023233004581,4.6878226527664175,2.9466483111006507,21.97568122378997
0.6197830841518964,4.5710976187284595,2.654981165051582,20.894933439944992
