r2,rmse,mae,mse
0.02002256490113985,425754.9252327861,332704.2355699357,181267256359.97528
-0.22620403357946905,355247.82793055504,274469.03375358286,126201019249.37724
-0.0016452458733884345,511082.6964176258,361572.63963151316,261205522577.51105
-0.7972376153477023,646402.7582705321,481967.3786391304,417836525899.752
-1.0954920580981433,741012.48717794,526657.5424204067,549099506153.63666
