r2,rmse,mae,mse
0.4630818156718405,494.0487195348792,376.8982838221959,244084.1372740537
0.4892910993212416,541.3429342741359,400.1108147757394,293052.17248853145
0.44949059882155895,411.3342535301446,297.2728761945452,169195.8681272013
0.4602182721610033,445.88654721075324,336.4334248134068,198814.81298352728
0.48407172250710806,408.61166774801103,344.52379717145647,166963.49501981094
