r2,rmse,mae,mse
0.9978220835484705,0.01903550061287205,0.010037405971898172,0.0003623502835826521
0.9969316857165803,0.02652784994641263,0.013251115206688768,0.0007037268227793847
0.9988153993210929,0.017243896528815784,0.008616763998181226,0.00029735196749650506
0.997543295727619,0.019671509178323877,0.009596811273693643,0.00038696827335288055
0.996242056372766,0.02447357270440565,0.012280430218260125,0.0005989557609178294
