r2,rmse,mae,mse,mape
0.9519533145388883,0.27902971306914315,0.22015557039121672,0.07785758077544835,0.02414845300762265
