r2,rmse,mae,mse
0.8226595605948073,3.8222260334620333,2.7537919645146802,14.609411850874908
0.8260845631229985,3.822813109924539,2.7327759790152695,14.613900073410923
0.8298768489293025,3.753993898150186,2.7287690750299003,14.09247018734883
0.8327890205808955,3.713879103936015,2.716295037294332,13.792897998652577
0.8276763601758956,3.7728535897097286,2.7454747645394004,14.234424209385585
