r2,rmse,mae,mse,mape
0.8762355955990749,11.613370584138648,7.385582588086898,134.87037632453683,0.07967075026420993
0.9094622518706448,7.28001563098262,5.853885260816936,52.99862758735127,0.08235719284054036
0.9394045490081296,8.012216083852742,5.929464516881632,64.19560657434857,0.09354849834087454
0.9393661222084041,8.419974613093691,6.01831553667948,70.89597248514225,0.08536799308100063
0.6654910435924377,13.914283434377445,6.610973084156777,193.60728349219062,0.09621860873456338
