r2,rmse,mae,mse
0.644852477222355,3.622198954123079,2.554579507736932,13.120325263250326
0.6269693723964385,3.5403434999085928,2.4434631393080313,12.534032097345024
0.7205162522709749,2.8053106799521084,1.881475990750371,7.869768011053361
0.922323346887985,1.7895582073979384,1.5224426996140252,3.2025185776653227
0.8616369034778797,2.307239104044344,1.980792011152046,5.323352283231347
